<?xml version="1.0" encoding="UTF-8"?>
<project-private xmlns="http://www.netbeans.org/ns/project-private/1">
    <editor-bookmarks xmlns="http://www.netbeans.org/ns/editor-bookmarks/2" lastBookmarkId="0"/>
    <open-files xmlns="http://www.netbeans.org/ns/projectui-open-files/2">
        <group>
            <file>file:/C:/xampp/htdocs/PainDiary/classes/class.database.php</file>
            <file>file:/C:/xampp/htdocs/PainDiary/index.php</file>
            <file>file:/C:/xampp/htdocs/PainDiary/adminHome.php</file>
            <file>file:/C:/xampp/htdocs/PainDiary/chat.php</file>
            <file>file:/C:/xampp/htdocs/PainDiary/trash.php</file>
            <file>file:/C:/xampp/htdocs/PainDiary/painRecord.php</file>
        </group>
    </open-files>
</project-private>
